DistanceRisk,Vulnerability,Population,district,senior_density_per_km2
8.5,9.0,45000,Hulu Langat,0.650177443378933
2.1,6.5,85000,Petaling Jaya,1.8121434462099064
7.8,7.5,60000,Klang,0.6778385599348172
6.2,5.8,35000,Gombak,0.5415805384715269
1.5,8.0,95000,Kuala Lumpur,2.75576390564174
9.0,4.2,25000,Sepang,0.2015235357808948
8.2,5.0,30000,Kuala Langat,0.1261865248170285
